Datetime,Water Level (m)
2025-08-02 06:00:00,0.1525794
2025-08-02 07:00:00,0.065240204
2025-08-02 08:00:00,0.065861575
2025-08-02 09:00:00,0.22848241
2025-08-02 10:00:00,0.46892554
2025-08-02 11:00:00,0.69799685
2025-08-02 12:00:00,0.8846768
2025-08-02 13:00:00,0.97005904
2025-08-02 14:00:00,0.9040034
2025-08-02 15:00:00,0.68557256
2025-08-02 16:00:00,0.4502751
2025-08-02 17:00:00,0.2607224
2025-08-02 18:00:00,0.114628516
2025-08-02 19:00:00,0.0062112967
2025-08-02 20:00:00,-0.050992783
2025-08-02 21:00:00,0.002042116
2025-08-02 22:00:00,0.23961814
2025-08-02 23:00:00,0.5125997
2025-08-03 00:00:00,0.73705864
2025-08-03 01:00:00,0.89822686
2025-08-03 02:00:00,0.97673565
2025-08-03 03:00:00,0.9581806
2025-08-03 04:00:00,0.836056
2025-08-03 05:00:00,0.65777844
2025-08-03 06:00:00,0.49786434
2025-08-03 07:00:00,0.3734641
2025-08-03 08:00:00,0.29336113
2025-08-03 09:00:00,0.2815005
2025-08-03 10:00:00,0.39207876
2025-08-03 11:00:00,0.58841455
2025-08-03 12:00:00,0.7688351
2025-08-03 13:00:00,0.88509095
2025-08-03 14:00:00,0.90110177
2025-08-03 15:00:00,0.80242157
2025-08-03 16:00:00,0.6331324
2025-08-03 17:00:00,0.47049293
2025-08-03 18:00:00,0.33582482
2025-08-03 19:00:00,0.2230118
2025-08-03 20:00:00,0.12665577
2025-08-03 21:00:00,0.052833103
2025-08-03 22:00:00,0.04230473
2025-08-03 23:00:00,0.18896423
2025-08-04 00:00:00,0.4558339
2025-08-04 01:00:00,0.70436335
2025-08-04 02:00:00,0.90228486
2025-08-04 03:00:00,1.0220327
2025-08-04 04:00:00,1.0440649
2025-08-04 05:00:00,0.95734686
2025-08-04 06:00:00,0.78907937
2025-08-04 07:00:00,0.6191944
2025-08-04 08:00:00,0.473468
2025-08-04 09:00:00,0.3588255
2025-08-04 10:00:00,0.2912557
2025-08-04 11:00:00,0.29976192
2025-08-04 12:00:00,0.43466705
2025-08-04 13:00:00,0.62549233
2025-08-04 14:00:00,0.7629005
2025-08-04 15:00:00,0.82017905
2025-08-04 16:00:00,0.78760105
2025-08-04 17:00:00,0.68054366
2025-08-04 18:00:00,0.54830027
2025-08-04 19:00:00,0.4155471
2025-08-04 20:00:00,0.2884154
2025-08-04 21:00:00,0.17080428
2025-08-04 22:00:00,0.065981105
2025-08-04 23:00:00,-0.0014018473
2025-08-05 00:00:00,0.03859677
2025-08-05 01:00:00,0.29489467
2025-08-05 02:00:00,0.6032356
2025-08-05 03:00:00,0.8579118
2025-08-05 04:00:00,1.0287151
2025-08-05 05:00:00,1.0881356
2025-08-05 06:00:00,1.0262915
2025-08-05 07:00:00,0.8531259
2025-08-05 08:00:00,0.65608704
2025-08-05 09:00:00,0.4771491
2025-08-05 10:00:00,0.3239205
2025-08-05 11:00:00,0.20510341
2025-08-05 12:00:00,0.12408257
2025-08-05 13:00:00,0.1182727
2025-08-05 14:00:00,0.3003865
2025-08-05 15:00:00,0.59042436
2025-08-05 16:00:00,0.80880606
2025-08-05 17:00:00,0.9080649
2025-08-05 18:00:00,0.8643168
2025-08-05 19:00:00,0.7008528
2025-08-05 20:00:00,0.5104363
2025-08-05 21:00:00,0.33417964
2025-08-05 22:00:00,0.1815032
2025-08-05 23:00:00,0.050975453
2025-08-06 00:00:00,-0.041485455
2025-08-06 01:00:00,-0.04360264
2025-08-06 02:00:00,0.21565254
2025-08-06 03:00:00,0.592623
2025-08-06 04:00:00,0.92384833
2025-08-06 05:00:00,1.1597086
2025-08-06 06:00:00,1.2583036
2025-08-06 07:00:00,1.2019287
2025-08-06 08:00:00,0.9868106
2025-08-06 09:00:00,0.73644394
2025-08-06 10:00:00,0.523301
2025-08-06 11:00:00,0.34609753
2025-08-06 12:00:00,0.20975572
2025-08-06 13:00:00,0.11103681
2025-08-06 14:00:00,0.086874835
2025-08-06 15:00:00,0.3079804
2025-08-06 16:00:00,0.67613155
2025-08-06 17:00:00,0.9490384
2025-08-06 18:00:00,1.0800984
2025-08-06 19:00:00,1.0415355
2025-08-06 20:00:00,0.8393394
2025-08-06 21:00:00,0.60406804
2025-08-06 22:00:00,0.39561003
2025-08-06 23:00:00,0.2239119
2025-08-07 00:00:00,0.07832957
2025-08-07 01:00:00,-0.035176955
2025-08-07 02:00:00,-0.05608381
2025-08-07 03:00:00,0.25328517
2025-08-07 04:00:00,0.70167667
2025-08-07 05:00:00,1.088485
2025-08-07 06:00:00,1.3547822
2025-08-07 07:00:00,1.4483068
2025-08-07 08:00:00,1.3477228
2025-08-07 09:00:00,1.0653843
2025-08-07 10:00:00,0.78510684
2025-08-07 11:00:00,0.55573165
2025-08-07 12:00:00,0.36502382
2025-08-07 13:00:00,0.21012895
2025-08-07 14:00:00,0.08658212
2025-08-07 15:00:00,0.053152062
2025-08-07 16:00:00,0.3789033
2025-08-07 17:00:00,0.8296385
2025-08-07 18:00:00,1.1503601
2025-08-07 19:00:00,1.2983712
2025-08-07 20:00:00,1.2172052
2025-08-07 21:00:00,0.94423026
2025-08-07 22:00:00,0.6740061
2025-08-07 23:00:00,0.4531477
2025-08-08 00:00:00,0.27098978
2025-08-08 01:00:00,0.11749204
2025-08-08 02:00:00,-0.0063696597
2025-08-08 03:00:00,-0.008327319
2025-08-08 04:00:00,0.40704006
2025-08-08 05:00:00,0.91976064
2025-08-08 06:00:00,1.3448813
